{"loss": [1.9785611629486084, 1.4213042259216309, 1.136509895324707, 0.9662668704986572, 0.8069290518760681, 0.7095985412597656, 0.5982199311256409, 0.5016193389892578, 0.4314213991165161, 0.3596687316894531, 0.31067895889282227, 0.27715548872947693, 0.22868409752845764, 0.20286549627780914, 0.17900806665420532, 0.16733501851558685, 0.14421896636486053, 0.11614993959665298, 0.10496485978364944, 0.11156965792179108, 0.08099131286144257, 0.09923166781663895, 0.09919795393943787, 0.0788465216755867, 0.06360363960266113, 0.06235823780298233, 0.06904878467321396, 0.06686277687549591, 0.047768399119377136, 0.04271182417869568], "accuracy": [0.2742070257663727, 0.48722872138023376, 0.6035892963409424, 0.6690317392349243, 0.7275459170341492, 0.7605175375938416, 0.7951586246490479, 0.8297996520996094, 0.8552587628364563, 0.8792153596878052, 0.8975793123245239, 0.9054257273674011, 0.9226210117340088, 0.9323038458824158, 0.939399003982544, 0.9438230395317078, 0.9532554149627686, 0.961519181728363, 0.9641903042793274, 0.9636059999465942, 0.9727879762649536, 0.9678630828857422, 0.96652752161026, 0.975459098815918, 0.9777963161468506, 0.9788814783096313, 0.9770450592041016, 0.9774624109268188, 0.9843906760215759, 0.9868948459625244], "val_loss": [1.6071397066116333, 1.3533185720443726, 1.0056284666061401, 0.8953588604927063, 0.7586960792541504, 0.7085339426994324, 0.6479858160018921, 0.5578571557998657, 0.5523582696914673, 0.515400767326355, 0.5063709020614624, 0.4532220959663391, 0.414732962846756, 0.4712183177471161, 0.42973074316978455, 0.36608344316482544, 0.4319981038570404, 0.4169522821903229, 0.4083804488182068, 0.38248196244239807, 0.49206480383872986, 0.42641669511795044, 0.38638901710510254, 0.3550103008747101, 0.4742087125778198, 0.4118594527244568, 0.4220339059829712, 0.40980708599090576, 0.3527495265007019, 0.49449244141578674], "val_accuracy": [0.4217028319835663, 0.49849748611450195, 0.6590985059738159, 0.6894824504852295, 0.7419031858444214, 0.7676126956939697, 0.790317177772522, 0.8143572807312012, 0.8120200037956238, 0.826377272605896, 0.8417361974716187, 0.8617696166038513, 0.8761268854141235, 0.8664440512657166, 0.8871452212333679, 0.8958263993263245, 0.8934891223907471, 0.8944908380508423, 0.8941569328308105, 0.8918197154998779, 0.8757929801940918, 0.8971619606018066, 0.8914858102798462, 0.9085142016410828, 0.8861435651779175, 0.9055091738700867, 0.9008347392082214, 0.8924874663352966, 0.9161936640739441, 0.9005008339881897]}